VM2584:9 23/24 FA Sunday Cup,https://www.youtube.com/watch?v=e7fAZHzwFsA
VM2584:9 Compilation Videos,https://www.youtube.com/watch?v=WjTq2Meetkk
VM2584:9 Sunday League 23/24,https://www.youtube.com/watch?v=vg1J31TICLo
VM2584:9 FA Sunday Cup (National) 🏆,https://www.youtube.com/watch?v=vhR5h0SE2zA
VM2584:9 Matches Filmed on Different Channels,https://www.youtube.com/watch?v=Sjy7rMvuz6U
VM2584:9 LEAGUE CHALLENGE CUP FINAL 22/23 | Selsdon Town Vs Croydon JFC | CMSFL,https://www.youtube.com/watch?v=Sjy7rMvuz6U
VM2584:9 SENIOR CUP FINAL 22/23 | Addiscombe Casuals Vs Spartans | CMSFL,https://www.youtube.com/watch?v=aUYloIQuOhc
VM2584:9 FA Sunday Cup Final | @JackOsborneFootball LIVE STREAM | Aigburth Arms (LIV) vs St Joe's (LUT),https://www.youtube.com/watch?v=m5_l2GPxI8I
VM2584:9 FA NATIONAL CUP SEMI FINAL | SE DONS vs AIGBURTH ARMS,https://www.youtube.com/watch?v=MDQEPCUcfDo
VM2584:9 Milton Keynes Irish 1-2 Rugby Town - 25/04/23 - FULL MATCHPLAY HIGHLIGHTS,https://www.youtube.com/watch?v=FoNwUBrhmrM
VM2584:9 Rugby Town 1-1 Wellingborough Town - 22/04/23 - Match Highlights,https://www.youtube.com/watch?v=G6DHqLJAzLw
VM2584:9 Rugby Town 4-3 Eynesbury Rovers - 15/04/23 - Match Highlights,https://www.youtube.com/watch?v=6FpY_R6kFsA
VM2584:9 Godmanchester Rovers 0-2 Rugby Town - 13/04/23 - Match Highlights,https://www.youtube.com/watch?v=ml_oWgLNvX8
VM2584:9 Rothwell Corinthians 1-2 Rugby Town - 08/04/23 - Match Highlights,https://www.youtube.com/watch?v=pAntQfpbHgs
VM2584:9 Rugby Town 0-1 Newport Pagnell Town - 25/03/23 - Match Highlights,https://www.youtube.com/watch?v=V6MYt86V_z0
VM2584:9 G.N.G Oadby Town 4-4 Rugby Town - 18/03/23 - Match Highlights,https://www.youtube.com/watch?v=lJveHoKcoSg
VM2584:9 Rugby Town FC 2-2 March Town United - 04/03/23 - Match Highlights,https://www.youtube.com/watch?v=42R1ydyg_-w
VM2584:9 Long Buckby 0-4 Rugby Town FC - 25/02/23 - Match Highlights,https://www.youtube.com/watch?v=higjU98DatQ
VM2584:9 Rugby Town FC 0-1 Desborough Town - 21/02/23 - Match Highlights,https://www.youtube.com/watch?v=657ufJHOfjw
VM2584:9 Easington Sports 0-3 Rugby Town FC - 18/02/23 - Match Highlights,https://www.youtube.com/watch?v=inFk0GjvV2I
VM2584:9 Bugbrooke St.Michaels 2-6 Rugby Town FC - 11/02/23 - Match Highlights,https://www.youtube.com/watch?v=XCco2CetTk8
VM2584:9 Rugby Town FC 7-1 Godmanchester Rovers - 04/02/23 - Match Highlights,https://www.youtube.com/watch?v=TL_zZHyPRVA
VM2584:9 'FOR RUBY!' | Rebelo Costa Charity Match | Ruby United vs Abingdon XI,https://www.youtube.com/watch?v=vGGJIeCDuic
VM2584:9 THE BIG ONE! 🏆 | Bosjam vs Addiscombe Casuals | Challenge Cup Final | Croydon Sunday League,https://www.youtube.com/watch?v=cH8ALOZSDDU
VM2584:9 WOW! 🤯 | Sanderstead vs Palace Saint Germain | Invitational Cup Final | Croydon Sunday League,https://www.youtube.com/watch?v=unTNiYl8I6E
VM2584:9 PAYBACK! 👏 | SUNDAY LEAGUE | Caldecott Arms vs Drayton Grange | RDSFL Division 2,https://www.youtube.com/watch?v=v03RYOwNvmU
VM2584:9 QUARTER FINAL SHOOTOUT! 🎯 | SUNDAY LEAGUE | Caldecott Arms vs London Calling Vets | Advertiser Cup,https://www.youtube.com/watch?v=c8HDTKBrpys
VM2584:9 CHARITY MATCH | ESLAND | NORTH VS SOUTH | WHO WILL WIN,https://www.youtube.com/watch?v=_qcZErBfx5k
VM2584:9 Wimbledon Commoners vs AFC Putney | The Dylan Rigobert Trophy FINAL 20/21 | SOUTHERN SUNDAY LEAGUE,https://www.youtube.com/watch?v=16ta6ncM1X4
VM2584:9 Painters Community vs Newlands FC | The Graham Rodber Shield FINAL 20/21 | SOUTHERN SUNDAY LEAGUE,https://www.youtube.com/watch?v=7Rp4otBCXC0
VM2584:9 DØNS ON TOUR! | Caldecott Arms vs SE Dons XI | SUNDAY LEAGUE FOOTBALL,https://www.youtube.com/watch?v=OJAWuSqxEpc
VM2584:9 Hat-Trick Hero | Caldecott Arms vs Hampton Magna Reserves (H) | Friendly |SUNDAY LEAGUE FOOTBALL,https://www.youtube.com/watch?v=wBcSZWWekTM
VM2584:9 Sink or Swim? | Caldecott Arms vs Bar 8 (A) | DIV 2 CUP | SUNDAY LEAGUE FOOTBALL,https://www.youtube.com/watch?v=ZhDLYO25ybk
VM2584:9 Fouls & Tackles! Part 2 | Sunday League Football | 20/21,https://www.youtube.com/watch?v=t1SxoDR2ymI
VM2584:9 Sunday League Saves! | Goalkeeper Compilation 20/21,https://www.youtube.com/watch?v=kWKKo6EVG8k
"VM2584:9 ""Blood & Thunder"" | Caldecott Arms FC vs Stag & Pheasant (H) | Match 9 | SUNDAY LEAGUE FOOTBALL",https://www.youtube.com/watch?v=fPxC59RVfJ4
VM2584:9 Fouls & Tackles! Part 1 | Sunday League Football | 20/21,https://www.youtube.com/watch?v=FBieod85LZM
VM2584:9 Lockdown 2! | Caldecott Arms FC vs Braunston (A) | Match 8 | SUNDAY LEAGUE FOOTBALL,https://www.youtube.com/watch?v=3tZv9R2GF3s
VM2584:9 First Match | Caldecott Arms F.C vs Stag & Pheasant (A) | Match 5 | SUNDAY LEAGUE FOOTBALL,https://www.youtube.com/watch?v=58ll5s5wwqg
23/24 FA Sunday Cup,https://www.youtube.com/watch?v=e7fAZHzwFsA
VM2622:9 Compilation Videos,https://www.youtube.com/watch?v=WjTq2Meetkk
VM2622:9 Sunday League 23/24,https://www.youtube.com/watch?v=vg1J31TICLo
VM2622:9 FA Sunday Cup (National) 🏆,https://www.youtube.com/watch?v=vhR5h0SE2zA
VM2622:9 Matches Filmed on Different Channels,https://www.youtube.com/watch?v=Sjy7rMvuz6U
VM2622:9 FA Sunday Cup Final 22/23 FULL MATCH HIGHLIGHTS | Aigburth Arms (Liv) vs St Josephs (Lut),https://www.youtube.com/watch?v=vhR5h0SE2zA
VM2622:9 FA Sunday Cup Semi-Final | Aigburth Arms (Liv) vs SE Dons (Lon) | FULL MATCHPLAY HIGHLIGHTS,https://www.youtube.com/watch?v=DX2uOilUX8Y
VM2622:9 FA Sunday Cup Final 22/23 HIGHLIGHTS | Aigburth Arms (Liv) vs St Josephs (Lut),https://www.youtube.com/watch?v=l1_-1QR0P1w
,
Trial Match Footage,https://www.youtube.com/watch?v=XyUSScZ9TVs
VM355:9 UKFT 5 DAY CAMPS AUGUST 2022,https://www.youtube.com/watch?v=g4WkctCO-0o
VM355:9 Country Specific Videos,https://www.youtube.com/watch?v=6Z7WFJbOHIk
VM355:9 UK Football Schools,https://www.youtube.com/watch?v=wz1xrkiwv4I
VM355:9 Trial Match Highlights,https://www.youtube.com/watch?v=TCE5uu3yrH4
VM355:9 For Nick,https://www.youtube.com/watch?v=Gte30GaIzkw
VM355:9 Favoris,https://www.youtube.com/watch?v=WXWKG29JgXM
VM355:9 Cheshire Trial Matches - 26.08.22 Morning,https://www.youtube.com/watch?v=XyUSScZ9TVs
VM355:9 Cheshire Match Footage 26.08.22 PM Session,https://www.youtube.com/watch?v=5ReHgJb7j60
VM355:9 Cheshire Trial Matches 25.08.22 - PM Session,https://www.youtube.com/watch?v=vr8C8qQ0jSM
VM355:9 Cheshire Trial Matches 25.08.22 Morning,https://www.youtube.com/watch?v=rlPu07SqU-w
VM355:9 Birmingham 23.08.22 PM Trial,https://www.youtube.com/watch?v=5ogt_HGmgTs
VM355:9 Birmingham Trial 23/08/22 Morning,https://www.youtube.com/watch?v=7wajj2aVg8U
VM355:9 Sheffield 24.08.22 Match Footage PM session,https://www.youtube.com/watch?v=_ctaN-ahGto
VM355:9 Sheffield Trial 24.08.22 - Morning Match footage,https://www.youtube.com/watch?v=myG8BAsHaBQ
VM355:9 Trials footage - Essex - 23.08.22 - Morning session,https://www.youtube.com/watch?v=deBUujMTn18
VM355:9 Trial Match Footage - Essex 23.08.22 - Afternoon Session,https://www.youtube.com/watch?v=I50sa-5tmSg
VM355:9 Trial Match Footage - Essex - 24.08.22 - Afternoon Trial,https://www.youtube.com/watch?v=cWFQH3ClbJw
VM355:9 Match Footage - West London - 25.08.22 - Morning session,https://www.youtube.com/watch?v=TVUUYGctE-M
VM355:9 Match Footage - West London - 25.08.22 - Afternoon session,https://www.youtube.com/watch?v=MvxvzOe4yR4
VM355:9 Trial Match Footage - West London - 26.08.22 - Morning Session,https://www.youtube.com/watch?v=Gj80TpTWR4U
VM355:9 Trial Match Footage - West London - 26th August - Afternoon Session,https://www.youtube.com/watch?v=_rg5ZdH5Jbg
VM355:9 Birmingham Trial Matches - Morning Session - 25/10/2022,https://www.youtube.com/watch?v=E_GPsG-eojQ
VM355:9 Birmingham Trial Matches - Afternoon Session - 25/10/2022,https://www.youtube.com/watch?v=e5FzcnWNg1o
VM355:9 Essex Trial Match Footage - Morning Session - 26.10.22,https://www.youtube.com/watch?v=lc0BSthvNWQ
VM355:9 Essex Trial Match Footage - Afternoon Session -  26/10/22,https://www.youtube.com/watch?v=3JWXdB4VzwI
"VM355:9 Sheffield Trial Match - Game 1, Morning Session - 27.10.2022",https://www.youtube.com/watch?v=CPv-z18ZPNQ
"VM355:9 Sheffield Trial Match Footage - Game 2, Morning Session - 27.10.2022",https://www.youtube.com/watch?v=5zPs78TMu8I
"VM355:9 Sheffield Trial Match Footage - Morning Session, Games 3 & 4 - 27.10.22",https://www.youtube.com/watch?v=PjJodQE5at0
VM355:9 West London Trial Match Footage - Morning session - 27.10.22,https://www.youtube.com/watch?v=c6Wc4q3KnBE
VM355:9 West London Trial Match Footage - Morning Session - 28.10.22,https://www.youtube.com/watch?v=fm2W5687nwg
VM355:9 West London Trial Matches - Afternoon Session - 28.10.22,https://www.youtube.com/watch?v=VTYmXyh0Is0
VM355:9 Manchester Trial Match Footage - Morning session - 28.10.22,https://www.youtube.com/watch?v=ter6LoQz1gY
VM355:9 Manchester Trial Match Footage - Afternoon Session - 28.10.22,https://www.youtube.com/watch?v=0bLpQRS3c08
VM355:9 Sheffield Trial Match Footage - Afternoon Session - 27.10.2022,https://www.youtube.com/watch?v=0kHC8L72bPw
VM355:9 West London Trial Match Footage - Afternoon Session - 27.10.22,https://www.youtube.com/watch?v=6oYNGr4sEvg
VM355:9 Birmingham Trial Matches - 22nd December 2022 - Morning trial,https://www.youtube.com/watch?v=u2L41taHT_k
VM355:9 Birmingham Trial Match Footage - December 22/12/2022 - Afternoon Session,https://www.youtube.com/watch?v=f-ziV4hhaXs
VM355:9 Essex Trial Match Footage -Morning Session - 14.02.23,https://www.youtube.com/watch?v=Ae-ogPniU5s
VM355:9 West London Trial Match Footage - Afternoon Session - 16.02.2023,https://www.youtube.com/watch?v=zMlUksbt1Ac
VM355:9 West London Trial Match Footage - Afternoon Session - 15th February 2023,https://www.youtube.com/watch?v=VoRPE3TEk98
VM355:9 West London Trial Match Footage - Morning Session - 16th February 2023,https://www.youtube.com/watch?v=07lci6uV0UE
VM355:9 Essex Trial Match Footage - Afternoon session - 13th February 2023,https://www.youtube.com/watch?v=3bnw6GFkatY
VM355:9 Essex Trial Match Footage - Afternoon Session - 14.02.2023,https://www.youtube.com/watch?v=9IkMZoskwkw
VM355:9 Birmingham Trial Match Footage - Morning Trial - February 20th 2023 - Part 1 of 3,https://www.youtube.com/watch?v=ADLxIbhDAGM
VM355:9 Birmingham Trial Match Footage - Morning - 20th February 2023 - Part 3 of 3,https://www.youtube.com/watch?v=t4cXkx4cQPw
VM355:9 Birmingham Trial Match Footage - Morning Trial - 20.02.2023 Part 2 of 3,https://www.youtube.com/watch?v=asr5fCxnsX4
VM355:9 Leeds Trial Match Footage - Morning Session - 16.02.23,https://www.youtube.com/watch?v=si_8P6G1vnc
VM355:9 Leeds Trial Match Footage - Afternoon Session - 16.02.23,https://www.youtube.com/watch?v=zZnrLSeDr78
VM355:9 Birmingham Trial Matches - Afternoon Session - 20th February 2023,https://www.youtube.com/watch?v=IrkiIpii3Yk
VM355:9 Birmingham Trial Matches - Afternoon session - 21.02.23,https://www.youtube.com/watch?v=mhvfLC-JnQY
VM355:9 Manchester Trial Matches - Morning session - 23.02.23,https://www.youtube.com/watch?v=Fwv3i01Bygg
VM355:9 Manchester Trial Matches - Afternoon Session - 23.02.23,https://www.youtube.com/watch?v=tznkVxYPftY
VM355:9 West London Trial Matches- Morning Session - 15.02.2023,https://www.youtube.com/watch?v=o_SxLVEgPQc
VM355:9 Essex Trial - Afternoon - 4th April 2023,https://www.youtube.com/watch?v=mfMqkImAhSo
"VM355:9 5 Day Camp Trial Matches - 18+ Group, April 14th 2023",https://www.youtube.com/watch?v=W3Sl6HEo3Ko
VM355:9 ESSEX TRIAL - MORNING SESSION 31 MAY,https://www.youtube.com/watch?v=crSCI3tDsVw
VM355:9 WEST LONDON TRIAL - MORNING SESSION 29TH MAY,https://www.youtube.com/watch?v=ZyG0AIoNjYg
VM355:9 MANCHESTER TRIAL EVENT - MORNING SESSION 24th OCTOBER,https://www.youtube.com/watch?v=5Gp9qmN-DDU
VM355:9 MIDLANDS TRIAL EVENT - MORNING SESSION 29 AUG,https://www.youtube.com/watch?v=6_hIShdDPN0
VM355:9 MANCHESTER TRIAL EVENT - MORNING SESSION 30 AUG,https://www.youtube.com/watch?v=8Mpo9_iVOQw
VM355:9 WEST LONDONTRIAL EVENT - AFTERNOON SESSION 25th OCTOBER,https://www.youtube.com/watch?v=8esQ_Qby2ic
VM355:9 ESSEX TRIAL EVENT - AFTERNOON SESSION 24th OCTOBER,https://www.youtube.com/watch?v=9uDiuoxtQMs
VM355:9 ESSEX TRIAL EVENT - MORNING SESSION 29 AUG,https://www.youtube.com/watch?v=BiAfcLF2Rp0
VM355:9 WEST LONDON TRIAL EVENT - MORNING SESSION 26th OCTOBER,https://www.youtube.com/watch?v=F28T5ZIgUE8
VM355:9 SHEFFIELD TRIAL EVENT - MORNING SESSION 31 AUG,https://www.youtube.com/watch?v=FMuZZcju7kE
VM355:9 SOUTH LONDON TRIAL EVENT - AFTERNOON SESSION,https://www.youtube.com/watch?v=JKgeRDe6Ja8
VM355:9 MIDLANDS TRIAL EVENT - AFTERNOON SESSION 31ST OCTOBER,https://www.youtube.com/watch?v=MWxXtyYoMOw
VM355:9 MANCHESTER TRIAL EVENT - AFTERNOON SESSION 30 AUG,https://www.youtube.com/watch?v=SMJEErtA9Jk
VM355:9 ESSEX TRIAL EVENT - MORNING SESSION 24th OCTOBER,https://www.youtube.com/watch?v=T3OI423olY0
VM355:9 LEEDS TRIAL EVENT - AFTERNOON SESSION 30TH OCTOBER,https://www.youtube.com/watch?v=V756sYwGck0
VM355:9 WEST LONDON TRIAL EVENT - MORNING SESSION 30 AUG,https://www.youtube.com/watch?v=VQTwFK7L_Gs
VM355:9 SHEFFIELD TRIAL EVENT - AFTERNOON SESSION 31 AUG,https://www.youtube.com/watch?v=Ye5wKsfpWOM
VM355:9 MANCHESTER TRIAL EVENT - AFTERNOON SESSION 24th OCTOBER,https://www.youtube.com/watch?v=_IqZGKLIr6c
VM355:9 WEST LONDON TRIAL EVENT - MORNING SESSION 25th OCTOBER,https://www.youtube.com/watch?v=_ZJW5hbiyyc
VM355:9 WEST LONDON TRIAL EVENT - AFTERNOON SESSION 26th OCTOBER,https://www.youtube.com/watch?v=crdJnxF8AYM
VM355:9 SOUTH LONDON TRIAL EVENT - AFTERNOON SESSION 31 AUG,https://www.youtube.com/watch?v=g0NIyQQOlYE
VM355:9 ESSEX TRIAL EVENT -AFTERNOON SESSION 29 AUG,https://www.youtube.com/watch?v=g9cSbXCjrDk
VM355:9 MIDLANDS TRIAL EVENT - MORNING SESSION 31ST OCTOBER,https://www.youtube.com/watch?v=gf8jtnkIrN8
VM355:9 MIDANDS TRIAL EVENT - AFTERNOON SESSION 29 AUG,https://www.youtube.com/watch?v=h0mGG5qTDvM
VM355:9 SOUTH LONDON TRIAL EVENT - MORNING SESSION 31 AUG,https://www.youtube.com/watch?v=moOxTckf89k
VM355:9 WEST LONDON TRIAL EVENT - AFTERNOON SESSION 30 AUG,https://www.youtube.com/watch?v=nHBViq1luRw
VM355:9 Sheffield AM,https://www.youtube.com/watch?v=nw1XjoHDyUg
VM355:9 LEEDS TRIAL EVENT - MORNING SESSION OCTOBER 30TH,https://www.youtube.com/watch?v=tgyrRsg8yP0
VM355:9 WEST LONDON TRIAL MORNING SESSION 9th AUGUST,https://www.youtube.com/watch?v=25lCgR-fi-Y
VM355:9 MIDLANDS TRIAL - AFTERNOON SESSION 31st MAY,https://www.youtube.com/watch?v=4QywVoHDK7k
VM355:9 ESSEX TRIAL - MORNING SESSION 8th AUGUST,https://www.youtube.com/watch?v=Ge5ktfbpqsE
VM355:9 LEEDS TRIAL - AFTERNOON SESSION - 29th MAY,https://www.youtube.com/watch?v=QIKFiJhxoYw
VM355:9 WEST LONDON TRIAL - MORNING SESSION 30TH MAY,https://www.youtube.com/watch?v=R3xnpJ2hXYU
VM355:9 LEEDS TRIAL - MORNING SESSION 29 MAY,https://www.youtube.com/watch?v=VVxybKJtomg
VM355:9 ESSEX TRIAL AFTERNOON SESSION 8th AUGUST,https://www.youtube.com/watch?v=WHcdcs-NHwI
VM355:9 WEST LONDON TRIAL AFTERNOON SESSION 9th AUGUST,https://www.youtube.com/watch?v=WfoavzI-A9g
VM355:9 ESSEX TRIAL - AFTERNOON SESSION 31st MAY,https://www.youtube.com/watch?v=Xd4TPEMfaO4
VM355:9 WEST LONDON TRIAL - MORNING SESSION 29TH MAY,https://www.youtube.com/watch?v=ZyG0AIoNjYg
VM355:9 manchester 300523 am,https://www.youtube.com/watch?v=apzUOpm9Q-U
VM355:9 ESSEX TRIAL - MORNING SESSION 31 MAY,https://www.youtube.com/watch?v=crSCI3tDsVw
VM355:9 WEST LONDON TRIAL - AFTERNOON SESSOPM 30th MAY,https://www.youtube.com/watch?v=iTM8onRTwjo
VM355:9 MIDLANDS TRIAL - MORNING SESSION 31st MAY,https://www.youtube.com/watch?v=lqAU4erP-sM
VM355:9 WEST LONDON TRIAL- AFTERNOON SESSION 29th MAY,https://www.youtube.com/watch?v=tYxDJeJSkh8
VM355:9 MANCHESTER TRIAL - AFTERNOON EVENT 30thMAY,https://www.youtube.com/watch?v=yNoWar9-Pa0
VM355:9 WEST LONDON TRIAL MORNING SESSION 9th AUGUST,https://www.youtube.com/watch?v=25lCgR-fi-Y
VM355:9 MIDLANDS TRIAL - AFTERNOON SESSION 31st MAY,https://www.youtube.com/watch?v=4QywVoHDK7k
VM355:9 ESSEX TRIAL - MORNING SESSION 8th AUGUST,https://www.youtube.com/watch?v=Ge5ktfbpqsE
VM355:9 LEEDS TRIAL - AFTERNOON SESSION - 29th MAY,https://www.youtube.com/watch?v=QIKFiJhxoYw
VM355:9 WEST LONDON TRIAL - MORNING SESSION 30TH MAY,https://www.youtube.com/watch?v=R3xnpJ2hXYU
VM355:9 LEEDS TRIAL - MORNING SESSION 29 MAY,https://www.youtube.com/watch?v=VVxybKJtomg
VM355:9 ESSEX TRIAL AFTERNOON SESSION 8th AUGUST,https://www.youtube.com/watch?v=WHcdcs-NHwI
VM355:9 WEST LONDON TRIAL AFTERNOON SESSION 9th AUGUST,https://www.youtube.com/watch?v=WfoavzI-A9g
VM355:9 ESSEX TRIAL - AFTERNOON SESSION 31st MAY,https://www.youtube.com/watch?v=Xd4TPEMfaO4
VM355:9 WEST LONDON TRIAL - MORNING SESSION 29TH MAY,https://www.youtube.com/watch?v=ZyG0AIoNjYg
VM355:9 manchester 300523 am,https://www.youtube.com/watch?v=apzUOpm9Q-U
VM355:9 ESSEX TRIAL - MORNING SESSION 31 MAY,https://www.youtube.com/watch?v=crSCI3tDsVw
VM355:9 WEST LONDON TRIAL - AFTERNOON SESSOPM 30th MAY,https://www.youtube.com/watch?v=iTM8onRTwjo
VM355:9 MIDLANDS TRIAL - MORNING SESSION 31st MAY,https://www.youtube.com/watch?v=lqAU4erP-sM
VM355:9 WEST LONDON TRIAL- AFTERNOON SESSION 29th MAY,https://www.youtube.com/watch?v=tYxDJeJSkh8
VM355:9 MANCHESTER TRIAL - AFTERNOON EVENT 30thMAY,https://www.youtube.com/watch?v=yNoWar9-Pa0
Trial Match Footage,https://www.youtube.com/watch?v=XyUSScZ9TVs
VM384:9 UKFT 5 DAY CAMPS AUGUST 2022,https://www.youtube.com/watch?v=g4WkctCO-0o
VM384:9 Country Specific Videos,https://www.youtube.com/watch?v=6Z7WFJbOHIk
VM384:9 UK Football Schools,https://www.youtube.com/watch?v=wz1xrkiwv4I
VM384:9 Trial Match Highlights,https://www.youtube.com/watch?v=TCE5uu3yrH4
VM384:9 For Nick,https://www.youtube.com/watch?v=Gte30GaIzkw
VM384:9 Favoris,https://www.youtube.com/watch?v=WXWKG29JgXM
VM384:9 Ardingly 5 Day Camp - Wk1 August 2022 - 18+ Trial Matches,https://www.youtube.com/watch?v=g4WkctCO-0o
"VM384:9 Camp Trial Matches, Wk1 Ardingly College - 16-17 group",https://www.youtube.com/watch?v=w3yQO72g7xE
VM384:9 August Camp Trial Matches - Wk 1 14 15 age group,https://www.youtube.com/watch?v=cjpDH9q1quU
VM384:9 August Camp Week 1 Matches - 10 to 13 age group,https://www.youtube.com/watch?v=Gn3U_QK05rM
VM384:9 Ardingly 5 Day Camp Wk2 Trial Matches 12.08.22 18+ age group,https://www.youtube.com/watch?v=3lrOx-J1bw4
VM384:9 Ardingly camp trial matches wk2 - 12.08.22 16-17's,https://www.youtube.com/watch?v=T-R8Jv2S91E
VM384:9 Ardingly Camp Trial Matches Wk2 - 12.08.22. 14-15's,https://www.youtube.com/watch?v=Q1IWNBdRB1g
VM384:9 Ardingly Camp Trial Matches Wk2 - 12.08.22 - 10-13's,https://www.youtube.com/watch?v=piqOTR5sy6w
VM384:9 56B Ivan Nikitin Match Footage,https://www.youtube.com/watch?v=59aKk854-y0
VM384:9 Leo Humphries Match Footage,https://www.youtube.com/watch?v=4stDMAanFZo
VM384:9 Iman Ololade Fashina - Video Highlights,https://www.youtube.com/watch?v=wtetLdpANvU
VM384:9 5 Day  Camp 18 plus group week 1,https://www.youtube.com/watch?v=GWZ5jELpICk
VM384:9 5 Day Camp 18 plus group week 2,https://www.youtube.com/watch?v=I-X2WbDoajc
VM384:9 5 Day Camp 16 and 17s group week 1,https://www.youtube.com/watch?v=O8RRUdYO3pI
VM384:9 5 Day Camp 14 and 15s group week 1,https://www.youtube.com/watch?v=Zqt91tiv0p4
VM384:9 5 Day Camp 14 and 15s group week 2,https://www.youtube.com/watch?v=eyX9UR-2ChU
VM384:9 5 Day Camp 11 to 13 group week 2,https://www.youtube.com/watch?v=hJm3bg0eeJ8
VM384:9 5 Day Camp 11 to 13 group Week 1mp4,https://www.youtube.com/watch?v=l6XsA3lM5-Q
,
FUTSAL MATCHES!,https://www.youtube.com/watch?v=akBlt-3zwHQ
VM633:9 I Played in a FOOTBALL MATCH with a PRO FUTSAL PLAYER! (Crazy Skills & Goals),https://www.youtube.com/watch?v=akBlt-3zwHQ
VM633:9 I Played in a FOOTBALL MATCH vs PRO FUTSAL PLAYERS! (Crazy Skills & Goals),https://www.youtube.com/watch?v=C94OcuZa4nk
VM633:9 I Played in a FUTSAL MATCH with a PRO FOOTBALLER! (Crazy Skills & Goals),https://www.youtube.com/watch?v=cuuLoLKcc-c
"VM633:9 I Challenged a PRO FUTSAL TEAM in a MATCH! (Crazy Football Skills, Goals & Nutmegs)",https://www.youtube.com/watch?v=W3trTPxoucA
"VM633:9 I Played in a PRO FUTSAL MATCH & I SCORED A GOAL! (Crazy Football Skills, Goals & Nutmegs)",https://www.youtube.com/watch?v=BWl-ifMsrOw
"VM633:9 I Challenged a PRO FOOTBALL TEAM in a REAL MATCH! (Crazy Futsal Skills, Nutmegs & Goals)",https://www.youtube.com/watch?v=hF2yAJtBXv4
"VM633:9 Playing in a PRO FUTSAL MATCH! (Football Skills, Nutmegs, Goals)",https://www.youtube.com/watch?v=tMflaUsZjQk
"VM633:9 I Challenged a PRO FUTSAL TEAM in a REAL MATCH! (Crazy Football Skills, Nutmegs & Goals)",https://www.youtube.com/watch?v=hQ2aCo99w8E
"VM633:9 Playing in a PRO YouTubers FOOTBALL MATCH! (Crazy Futsal Skills, Goals, Nutmegs, Fights)",https://www.youtube.com/watch?v=QeggOQafPjI
"VM633:9 I played in a PRO YouTubers FOOTBALL TOURNAMENT! (Crazy Futsal Match, Skills, Goals, Nutmegs)",https://www.youtube.com/watch?v=xiJHdRuAJDk
"VM633:9 I played in a PRO FOOTBALL MATCH! (Crazy Futsal & Soccer Skills, Goals, Nutmegs)",https://www.youtube.com/watch?v=bg70bg8fTuo
"VM633:9 I played in a PRO FUTSAL MATCH! (Crazy Football & Soccer Skills, Goals, Nutmegs)",https://www.youtube.com/watch?v=yUVS7Y4Dd9g
"VM633:9 Playing in a PRO FOOTBALL MATCH! (Crazy Futsal Skills, Goals & Nutmegs)",https://www.youtube.com/watch?v=E4UPeKNd9p0
"VM633:9 Playing in a PRO FUTSAL MATCH! (Crazy Football Skills, Goals & Nutmegs)",https://www.youtube.com/watch?v=zxWz_0nYKFg
"VM633:9 I played in a PRO FUTSAL MATCH! (Crazy Football Skills, Goals & Nutmegs)",https://www.youtube.com/watch?v=n3iHEL4gOTU
VM633:9 Playing in a PRO FOOTBALL MATCH vs BRENTFORD! (Futsal skills & Goals) *INJURY*,https://www.youtube.com/watch?v=K6_fgjAXy0A
VM633:9 I played in a PRO FOOTBALL MATCH vs QPR! (Futsal Skills & Goals),https://www.youtube.com/watch?v=d83EWS6rFB4
VM633:9 I Signed for a PRO FOOTBALL TEAM !? (Futsal Match),https://www.youtube.com/watch?v=p0m7TQ6zakM
,
Bringing it home!,https://www.youtube.com/watch?v=b9DuP8pFdwo
VM649:9 Sunday League Football 2021 / 22,https://www.youtube.com/watch?v=R1XOTpup5pM
VM649:9 Sunday League Football - 2020 / 21,https://www.youtube.com/watch?v=pHiNs3b-QxA
VM649:9 Six-A-Side Sessions - SEASON 3,https://www.youtube.com/watch?v=y4Btwad6skI
VM649:9 MORE Sunday League Football - 2018 / 19,https://www.youtube.com/watch?v=H6e7268sBcI
VM649:9 Sunday League Football - 2018 / 19,https://www.youtube.com/watch?v=VbDg6VphlbM
VM649:9 The WCOFAAGN,https://www.youtube.com/watch?v=T5fNqmgAf-M
VM649:9 MORE Sunday League Football - 2017 / 18,https://www.youtube.com/watch?v=KbQ45K-fBGc
VM649:9 Sunday League Football - 2017 / 18,https://www.youtube.com/watch?v=IwXFtCnAL5Q
VM649:9 Wembley Doubles - With a twist!,https://www.youtube.com/watch?v=YbzPOax2fa0
VM649:9 Sunday League Challenges with Myprotein,https://www.youtube.com/watch?v=ggaouqVI3rs
VM649:9 Sunday League Football - 2016 / 17,https://www.youtube.com/watch?v=GoxiIU-1eQo
VM649:9 EURO 2016 RECREATIONS,https://www.youtube.com/watch?v=2oWF_26TmlI
VM649:9 Six-A-Side Sessions - SEASON 2,https://www.youtube.com/watch?v=yLbajhwBcb0
VM649:9 Six-A-Side Sessions - SEASON 1,https://www.youtube.com/watch?v=uQU4HxVqg6Q
VM649:9 Sunday League FIFA Pro Clubs,https://www.youtube.com/watch?v=1yFE2OlZOZU
VM649:9 Sunday League Extra,https://www.youtube.com/watch?v=hqcBDsFlKXM
VM649:9 Sunday League Football - 2015 / 16,https://www.youtube.com/watch?v=9YYy44nNGhI
VM649:9 Sunday League Football - 2014 / 15,https://www.youtube.com/watch?v=eTbCznb6KJQ
VM649:9 Sunday League Football - PRE SEASON 2021/2022,https://www.youtube.com/watch?v=R1XOTpup5pM
VM649:9 Sunday League EXTRA - A NEW HOST!,https://www.youtube.com/watch?v=1ugQLAffBvg
VM649:9 Sunday League Football - THE 3 'MISSKETEERS',https://www.youtube.com/watch?v=PJtUaGlr8tc
VM649:9 Sunday League Extra - ADAPT & OVERCOME,https://www.youtube.com/watch?v=9qm8PCFDu3c
"VM649:9 Sunday Leage Football -  "" THAT'S SO BLATANT!! """,https://www.youtube.com/watch?v=dkTCdU31ZTM
VM649:9 Sunday League Extra - SHIRT FRIENDS!,https://www.youtube.com/watch?v=vINC6zkd6fY
VM649:9 Sunday League Foootball - A SLIGHT MISSMATCH,https://www.youtube.com/watch?v=z5GwDMJjgk4
VM649:9 Sunday League Extra - NEW KIT ARRIVAL!,https://www.youtube.com/watch?v=brKEtgAImHU
VM649:9 Sunday League Football - WHEN 2 COME ALONG AT ONCE!,https://www.youtube.com/watch?v=iTF7brdHNrM
"VM649:9 Sunday League Extra - START, BENCH, SELL!",https://www.youtube.com/watch?v=IWCiCFJTWhM
VM649:9 Sunday League Football - TAKE ADVANTAGE!,https://www.youtube.com/watch?v=B7n5xsXdaCg
VM649:9 Sunday League Extra - COME ON!!,https://www.youtube.com/watch?v=s9n0hT-D4HA
VM649:9 Sunday League Football - REVENGE?,https://www.youtube.com/watch?v=pXBfjhqbolI
VM649:9 Sunday League EXTRA - THE RETURN OF...,https://www.youtube.com/watch?v=-4bDHF0NY0E
VM649:9 Sunday League Football - A BIT OF BLING,https://www.youtube.com/watch?v=1bEup8m789c
VM649:9 Sunday League Football - UNLUCKY CONDITIONS,https://www.youtube.com/watch?v=8SZWgbI61vc
VM649:9 Sunday League Football - FOR ONE LAST TIME,https://www.youtube.com/watch?v=vOvBAr1PWks
VM649:9 Sunday League Football - HONESTLY? A LOW POINT!,https://www.youtube.com/watch?v=mqFFWAJcdBM
VM649:9 Sunday League Football - THE GREATEST EVER SUNDAY LEAGUE FOOTBALLER?,https://www.youtube.com/watch?v=_bDDea1GVrA
VM649:9 Sunday League Football  - WHEN 2 PITCHES COLLIDE!!,https://www.youtube.com/watch?v=b8EYP4UNDi8
VM649:9 Sunday League Football  - DIGGING DEEP,https://www.youtube.com/watch?v=8mh0ncvZthk
VM649:9 Sunday League Football - A LESSON IN SELF DEFENCE,https://www.youtube.com/watch?v=hU1zTLozviA
VM649:9 Sunday League Football - PERSISTENT FOULING,https://www.youtube.com/watch?v=seViTkP8nQg
VM649:9 Sunday League Football - HEROICS AT BOTH ENDS,https://www.youtube.com/watch?v=fUQDI0_ijD8
VM649:9 Sunday League Football - YOU CAN'T SAY THAT!,https://www.youtube.com/watch?v=Au24ybJPLwA
VM649:9 Sunday League Football - IT'S SLIPPERY OUT THERE!,https://www.youtube.com/watch?v=zhLvytMxpLk
VM649:9 Sunday League Football - TALK TO EACH OTHER,https://www.youtube.com/watch?v=PEzZS6VbL5g
VM649:9 Sunday League Extra - WHERE'S OUR ORANGE KIT GONE?,https://www.youtube.com/watch?v=TU0K4Ie7c_E
VM649:9 Sunday League Football - A REPLACEMENT IN THE CUP,https://www.youtube.com/watch?v=jwygjCFFdg4
VM649:9 Sunday League Football - THIS SEMI FINAL SAW RED!!,https://www.youtube.com/watch?v=EI-CMHDZlpE
VM649:9 Sunday League Football - REMEMBERING KIERAN,https://www.youtube.com/watch?v=tgV20HRsxko
VM649:9 Sunday League Football - FEISTY CUP FINAL!,https://www.youtube.com/watch?v=eTO9pmnix3I
VM649:9 Sunday League Football - THE SLOWEST OVERHEAD KICK EVER?,https://www.youtube.com/watch?v=g6DfzEeYrrE
VM649:9 Sunday League Football - SHAMBLES,https://www.youtube.com/watch?v=Wpwud1OrIDQ
VM649:9 Sunday League Football - 8 YEARS LATER,https://www.youtube.com/watch?v=mcGb7KpeWHU
,
Sunday League Football - OH HEY!,https://www.youtube.com/watch?v=pHiNs3b-QxA
VM2129:9 Sunday League Football - WHAT A MISS!,https://www.youtube.com/watch?v=LD88IzHK4hs
VM2129:9 Sunday League Football - DINLOW?,https://www.youtube.com/watch?v=XRTslcqFihU
VM2129:9 Sunday League Football - ONE CRAP HALF,https://www.youtube.com/watch?v=34S650d8jMM
VM2129:9 Sunday League Football - ABSOLUTELY PANTS!,https://www.youtube.com/watch?v=eUWeKzZOrDg
VM2129:9 Sunday League Football - THE ORIGINALS,https://www.youtube.com/watch?v=FeI6b1ktp0Y
VM2129:9 Sunday League Football - THE BETTER SCALE,https://www.youtube.com/watch?v=nhselZQzSMs
VM2129:9 Sunday League Football - FOREIGN SOIL,https://www.youtube.com/watch?v=JUNRIUd0OlE
VM2129:9 Sunday League Football - HIGH FIVE,https://www.youtube.com/watch?v=GIu3X7lqwng
VM2129:9 Sunday League Football - WHAT JUST HAPPENED ???,https://www.youtube.com/watch?v=vlJl6vpooOQ
"VM2129:9 Sunday League Football - "" ROLL A SIX """,https://www.youtube.com/watch?v=qWMTrZpjlcg
VM2129:9 Sunday League Football - ON CALL!,https://www.youtube.com/watch?v=DKTBjkP-4UU
VM2129:9 Sunday League Football - BOILING POINT,https://www.youtube.com/watch?v=ikSj9Cd4iJw
VM2129:9 Sunday League Football - PEGGED BACK,https://www.youtube.com/watch?v=keucdqA0tk4
VM2129:9 Sunday League Football - THE MEDICAL BAG!,https://www.youtube.com/watch?v=AOPWgNTBrJU
"VM2129:9 Sunday League Football - "" WATCH OUT FOR THOSE RINGERS """,https://www.youtube.com/watch?v=YJlOlJyiUOM
VM2129:9 Sunday League Football - HAVE THEY STILL GOT IT?,https://www.youtube.com/watch?v=4aBjJG2BdvY
VM2129:9 Sunday League Football - A NEW CARPET,https://www.youtube.com/watch?v=njriWBNYA9c
VM2129:9 Sunday League Football - KARATE KIDS!,https://www.youtube.com/watch?v=TXYjANH6e8o
VM2129:9 Sunday League Football - SURELY NOT!,https://www.youtube.com/watch?v=R95ze5bmawg
VM2129:9 Sunday League Football - NOTHING TO SEE HERE!,https://www.youtube.com/watch?v=QNaEfho-OWQ
VM2129:9 Sunday League Football - FOUND HIM!,https://www.youtube.com/watch?v=cP2yTrpcLJ8
VM2129:9 Sunday League Football - A SEMI FOR TOMMO,https://www.youtube.com/watch?v=2VHdjE0Fik4
,
Sunday League Football - LEAGUE TITLE DECIDER,https://www.youtube.com/watch?v=b9DuP8pFdwo
"VM2138:9 Sunday League Football - ""THE BEST IN ESSEX"" (Cup Final)",https://www.youtube.com/watch?v=1SliVMQ11Kk
VM2138:9 Sunday League Football - FOR THE DOUBLE (Cup Final),https://www.youtube.com/watch?v=odIEuLuFQr4
VM2138:9 Sunday League Football - 3 TROPHIES IN A WEEK? (Cup Final),https://www.youtube.com/watch?v=-iDuzD4dWiU
VM2138:9 Sunday League Football - FEISTY CUP FINAL!,https://www.youtube.com/watch?v=eTO9pmnix3I
VM2138:9 Sunday League Football - WE WANT 3! (League Title Decider),https://www.youtube.com/watch?v=yhfcb77DQvw
VM2138:9 Sunday League Football - TROPHY HUNTING (Cup Final),https://www.youtube.com/watch?v=Suj0IQLXF9Y
VM2138:9 Bringing it home!,https://www.youtube.com/watch?v=b9DuP8pFdwo
VM2138:9 Sunday League Football 2021 / 22,https://www.youtube.com/watch?v=R1XOTpup5pM
VM2138:9 Sunday League Football - 2020 / 21,https://www.youtube.com/watch?v=pHiNs3b-QxA
VM2138:9 Six-A-Side Sessions - SEASON 3,https://www.youtube.com/watch?v=y4Btwad6skI
VM2138:9 MORE Sunday League Football - 2018 / 19,https://www.youtube.com/watch?v=H6e7268sBcI
VM2138:9 Sunday League Football - 2018 / 19,https://www.youtube.com/watch?v=VbDg6VphlbM
VM2138:9 The WCOFAAGN,https://www.youtube.com/watch?v=T5fNqmgAf-M
VM2138:9 MORE Sunday League Football - 2017 / 18,https://www.youtube.com/watch?v=KbQ45K-fBGc
VM2138:9 Sunday League Football - 2017 / 18,https://www.youtube.com/watch?v=IwXFtCnAL5Q
VM2138:9 Wembley Doubles - With a twist!,https://www.youtube.com/watch?v=YbzPOax2fa0
VM2138:9 Sunday League Challenges with Myprotein,https://www.youtube.com/watch?v=ggaouqVI3rs
VM2138:9 Sunday League Football - 2016 / 17,https://www.youtube.com/watch?v=GoxiIU-1eQo
VM2138:9 EURO 2016 RECREATIONS,https://www.youtube.com/watch?v=2oWF_26TmlI
VM2138:9 Six-A-Side Sessions - SEASON 2,https://www.youtube.com/watch?v=yLbajhwBcb0
VM2138:9 Six-A-Side Sessions - SEASON 1,https://www.youtube.com/watch?v=uQU4HxVqg6Q
VM2138:9 Sunday League FIFA Pro Clubs,https://www.youtube.com/watch?v=1yFE2OlZOZU
VM2138:9 Sunday League Extra,https://www.youtube.com/watch?v=hqcBDsFlKXM
VM2138:9 Sunday League Football - 2015 / 16,https://www.youtube.com/watch?v=9YYy44nNGhI
VM2138:9 Sunday League Football - 2014 / 15,https://www.youtube.com/watch?v=eTbCznb6KJQ
,
MORE Sunday League Extra - TWINS !!,https://www.youtube.com/watch?v=KbQ45K-fBGc
VM2146:9 MORE Sunday League Football - A NEW ERA,https://www.youtube.com/watch?v=CplLgXpDD2M
VM2146:9 MORE Sunday League Extra - A BEAUTIFUL MAN,https://www.youtube.com/watch?v=K9pjb4oc5w8
VM2146:9 MORE Sunday League Football - CROSS OR SHOT?,https://www.youtube.com/watch?v=oDxe7cgvd7Q
VM2146:9 MORE Sunday League Extra - PITCH ISSUES,https://www.youtube.com/watch?v=o8ZGoOoxbPs
VM2146:9 MORE Sunday League Football - LETS KISS,https://www.youtube.com/watch?v=hoGrbKlVvTE
VM2146:9 MORE Sunday League Extra - SNICKERS!,https://www.youtube.com/watch?v=bt-m_SwzceM
VM2146:9 MORE Sunday League Football - GOALKEEPER OR STRIKER?,https://www.youtube.com/watch?v=9GXyM3Qa-v8
VM2146:9 MORE Sunday League Extra - OLD STOMPING GROUND,https://www.youtube.com/watch?v=3q5w5UKYouA
VM2146:9 MORE Sunday League Football - BLACK EYES,https://www.youtube.com/watch?v=9yUp3yfvuCA
VM2146:9 MORE Sunday League Extra - NEW HOME GROUND,https://www.youtube.com/watch?v=4SNPYflGuSI
VM2146:9 MORE Sunday League Football - HE MISSED?,https://www.youtube.com/watch?v=N7u2nScRQr0
VM2146:9 MORE Sunday League Extra - NEW FORMATION,https://www.youtube.com/watch?v=4J4XjZHGjHc
VM2146:9 MORE Sunday League Football - PEPPERED,https://www.youtube.com/watch?v=EbzFFqWQObU
VM2146:9 MORE Sunday League Extra - A PRESENT FOR SCOTTISH,https://www.youtube.com/watch?v=2IVEgurPcXs
VM2146:9 MORE Sunday League Football - DOUBLE TROUBLE,https://www.youtube.com/watch?v=lmUqvR8tdQY
VM2146:9 MORE Sunday League Extra - A NEW TOY,https://www.youtube.com/watch?v=2QNF11wsLi4
VM2146:9 MORE Sunday League - CHANCES TAKEN,https://www.youtube.com/watch?v=5EOv4TwMwPA
VM2146:9 MORE Sunday League Extra - A PALMERS FC TATTOO!,https://www.youtube.com/watch?v=KVdBkTAMOYk
VM2146:9 MORE Sunday League Football - CHEATERS?,https://www.youtube.com/watch?v=tluh_eodTWs
VM2146:9 MORE Sunday League Extra - WHERE'S MIKE BEEN?,https://www.youtube.com/watch?v=8Kh8FLKWMxc
VM2146:9 MORE Sunday League Football - GIFTED,https://www.youtube.com/watch?v=FbFmZn1Xz2o
VM2146:9 MORE Sunday League Extra - DUNKING BISCUITS,https://www.youtube.com/watch?v=W8iyZWc5wdc
"VM2146:9 MORE Sunday League Football - SIX OF ONE, HALF A DOZEN OF THE OTHER",https://www.youtube.com/watch?v=DfPSYTi1Wf8
VM2146:9 MORE Sunday League Extra - FOOTBALLING IDOLS,https://www.youtube.com/watch?v=k1nL5URZQ7Y
VM2146:9 MORE Sunday League Football - HALF TIME DRAMA,https://www.youtube.com/watch?v=egyDrRoPGsc
VM2146:9 MORE Sunday League Extra - TWINS FORFEIT,https://www.youtube.com/watch?v=enyPNa4Y8SA
VM2146:9 MORE Sunday League Football - TOUGHEST TEST!,https://www.youtube.com/watch?v=zMmSGIbAWkE
VM2146:9 MORE Sunday League Extra - NEW YEARS RESOLUTIONS,https://www.youtube.com/watch?v=1vsNta9OrKk
VM2146:9 MORE Sunday League Football - WE FILMED IT!,https://www.youtube.com/watch?v=-yjrw30rOws
VM2146:9 MORE Sunday League Extra - PRAY FOR KEV,https://www.youtube.com/watch?v=AalObE6-w_I
VM2146:9 MORE Sunday League Football - THE VETERAN,https://www.youtube.com/watch?v=N7jwDyA9xBI
VM2146:9 MORE Sunday League Extra - CHANTS,https://www.youtube.com/watch?v=7ncwR8z_KPg
VM2146:9 MORE Sunday League Football - FOCUS,https://www.youtube.com/watch?v=3ctfyXzoBy4
"VM2146:9 MORE Sunday League Extra - ""BREAK A LEG""",https://www.youtube.com/watch?v=OmukCTS3x3U
VM2146:9 MORE Sunday League Extra - ROLLING BACK THE YEARS,https://www.youtube.com/watch?v=oKplJGOqDDY
VM2146:9 MORE Sunday League Football - IT'S A KNOCKOUT,https://www.youtube.com/watch?v=Opg6Y8NbDyI
VM2146:9 MORE Sunday League Extra - TOILET ROLL,https://www.youtube.com/watch?v=wJxvzMmEHUo
VM2146:9 MORE Sunday League Football - A WINDFALL OF GOALS,https://www.youtube.com/watch?v=03SF-xHEHbs
VM2146:9 MORE Sunday League Extra - TEA TALK,https://www.youtube.com/watch?v=pdvpfcbbDdM
VM2146:9 MORE Sunday League Football - A NEW CHALLENGE,https://www.youtube.com/watch?v=JJzwpRzTGQE
VM2146:9 MORE Sunday League Extra - LOST A BET,https://www.youtube.com/watch?v=EfN0djQ41GM
VM2146:9 MORE Sunday League Football - WE MEET AGAIN,https://www.youtube.com/watch?v=9AYwgxyCxOY
VM2146:9 MORE Sunday League Extra - SUPERHERO'S,https://www.youtube.com/watch?v=xCfQGBS0JkM
VM2146:9 MORE Sunday League Football - YET ANOTHER SEMI FINAL,https://www.youtube.com/watch?v=VUp0Qr6k-Oo
VM2146:9 MORE Sunday League Football - SEEN THEM GIVEN!,https://www.youtube.com/watch?v=tx-Mi7JVkw8
VM2146:9 MORE Sunday League Football - SCREAMER,https://www.youtube.com/watch?v=qmnEwMA3EVQ
VM2146:9 MORE Sunday League Football - UNDER THE COSH,https://www.youtube.com/watch?v=ChWMoxQbJbE
,
Sunday League Football - DIFFERENT RULES,https://www.youtube.com/watch?v=VbDg6VphlbM
VM2227:9 Sunday League Football - ANYTHING! (WITHIN REASON),https://www.youtube.com/watch?v=UQOIQrY78QM
VM2227:9 Sunday League Football - SCENES (VS SE DONS),https://www.youtube.com/watch?v=lEhqi2ItEQM
VM2227:9 Sunday League Football - THE TEAM FROM CLACTON,https://www.youtube.com/watch?v=PRi9h40D8bQ
VM2227:9 Sunday League EXTRA - IMAGINARY CUP ON THE LINE!,https://www.youtube.com/watch?v=hdz4kjnpNvs
VM2227:9 Sunday League Football - BATTLE OF THE BADGE!,https://www.youtube.com/watch?v=Gfw_JVWVT9Y
VM2227:9 Sunday League EXTRA - WRONG COLOURS,https://www.youtube.com/watch?v=1kJbCB-6e0c
VM2227:9 Sunday League Football - WHAT WAS HE THINKING??,https://www.youtube.com/watch?v=lStZq4EEnJQ
VM2227:9 Sunday League Extra - NO DOGS,https://www.youtube.com/watch?v=a2HJtkx7UtI
VM2227:9 Sunday League Football - TOMMO'S POCKET,https://www.youtube.com/watch?v=HFcOKwbrs6g
VM2227:9 Sunday League Extra - CRIMEBUSTERS!!,https://www.youtube.com/watch?v=I7TYNEoweHE
VM2227:9 Sunday League Football - ONE EYE ON THE PRIZE,https://www.youtube.com/watch?v=W0SOEl4h7B4
VM2227:9 Sunday League Extra - 91 PROBLEMS,https://www.youtube.com/watch?v=rkHF9URTo6U
VM2227:9 Sunday League Football - A COUPLE OF PENS,https://www.youtube.com/watch?v=Nh5GUr7VQTY
VM2227:9 Sunday League Extra - NONE SHALL PASS!,https://www.youtube.com/watch?v=uCn2bry2YF4
VM2227:9 Sunday League Football - DON'T FALL OVER!,https://www.youtube.com/watch?v=5lPiY1ooiNA
VM2227:9 Sunday League Extra - VOLDEMORT,https://www.youtube.com/watch?v=pottvHKdyMU
VM2227:9 Sunday League Extra - ROCK PAPER SCISSORS,https://www.youtube.com/watch?v=Um34CzlWcSM
VM2227:9 Sunday League Football - LIKE A CAT!,https://www.youtube.com/watch?v=Tb9Mbor66iQ
VM2227:9 Sunday League Football - IT'S NOW OR NEVER!,https://www.youtube.com/watch?v=X8JDaxkWrIg
VM2227:9 Sunday League Extra - NO SHOW!,https://www.youtube.com/watch?v=8URmc_qwMvY
VM2227:9 NO BOUNCE CHALLENGE VS TOM CAIRNEY,https://www.youtube.com/watch?v=CuXHjV3BK68
VM2227:9 Sunday League Extra - WINNER WINNER CHICKEN DINNER?,https://www.youtube.com/watch?v=qysInTkNOgA
VM2227:9 Sunday League Football - HE'S HAVING A LAUGH!,https://www.youtube.com/watch?v=da8k5WIVCsU
VM2227:9 Sunday League Football - JARI LITMANEN,https://www.youtube.com/watch?v=zEcJnXBbPBw
VM2227:9 Sunday League Extra - THE MCRIB,https://www.youtube.com/watch?v=dayO3XkFraY
VM2227:9 Sunday League Football - HIT & MISS,https://www.youtube.com/watch?v=W675pwGnwVc
VM2227:9 Sunday League Extra - ANY JEWELLERY?,https://www.youtube.com/watch?v=SBuxUjd444k
VM2227:9 Sunday League Football - A ONE MAN TEAM?,https://www.youtube.com/watch?v=5uaQO7zKgcY
VM2227:9 Sunday League Football - IGNORED,https://www.youtube.com/watch?v=I_uP-NM5Xgo
VM2227:9 Sunday League Football - BACKS AGAINST THE WALL,https://www.youtube.com/watch?v=Wr6HO_ryvI8
VM2227:9 Sunday League Football - THE FORTRESS,https://www.youtube.com/watch?v=a2H6rQLF1Og
VM2227:9 Sunday League Football - DRINKING GAMES,https://www.youtube.com/watch?v=9gexaAR2Fjk
VM2227:9 Sunday League Football - JUSTICE LEAGUE,https://www.youtube.com/watch?v=7u8x4t55gmA
VM2227:9 Sunday League Football - NO SLIP UPS,https://www.youtube.com/watch?v=bWND_iNNHrg
VM2227:9 Sunday League Football - POTENTIALLY,https://www.youtube.com/watch?v=cNT6He83cVQ
VM2227:9 Sunday League Football - TROPHY HUNTING (Cup Final),https://www.youtube.com/watch?v=Suj0IQLXF9Y
"VM2227:9 Sunday League Football - ""THE BEST IN ESSEX"" (Cup Final)",https://www.youtube.com/watch?v=1SliVMQ11Kk
VM2227:9 Sunday League Football - 3 TROPHIES IN A WEEK? (Cup Final),https://www.youtube.com/watch?v=-iDuzD4dWiU
VM2227:9 Sunday League Football - BACK TO BUSINESS,https://www.youtube.com/watch?v=bRntE1EHmxA
"VM2227:9 Sunday League Football - ""WHAT DID YOU SAY?""",https://www.youtube.com/watch?v=LUxa5MqAT0g
VM2227:9 Sunday League Football - STOP THE FOX,https://www.youtube.com/watch?v=WKohYrNi4K8
VM2227:9 Sunday League Football - TEX FACTOR,https://www.youtube.com/watch?v=dBugWA_XSfo
VM2227:9 Sunday League Football - WE WANT 3! (League Title Decider),https://www.youtube.com/watch?v=yhfcb77DQvw
VM2227:9 Sunday League Football - THIS HAPPENED LAST YEAR!,https://www.youtube.com/watch?v=hTGvHPB3Ju8
VM2227:9 Sunday League Football - THE INVINCIBLES?,https://www.youtube.com/watch?v=L37xd1i7fXM
VM2227:9 Sunday League Football - RAINBOW FLICKS AT ROOTS HALL,https://www.youtube.com/watch?v=omekOv4BUzg
VM2227:9 Sunday League Football - GOALS GOALS GOALS 2018/19,https://www.youtube.com/watch?v=maX4VVU_mLQ
VM2227:9 Bringing it home!,https://www.youtube.com/watch?v=b9DuP8pFdwo
VM2227:9 Sunday League Football 2021 / 22,https://www.youtube.com/watch?v=R1XOTpup5pM
VM2227:9 Sunday League Football - 2020 / 21,https://www.youtube.com/watch?v=pHiNs3b-QxA
VM2227:9 Six-A-Side Sessions - SEASON 3,https://www.youtube.com/watch?v=y4Btwad6skI
VM2227:9 MORE Sunday League Football - 2018 / 19,https://www.youtube.com/watch?v=H6e7268sBcI
VM2227:9 Sunday League Football - 2018 / 19,https://www.youtube.com/watch?v=VbDg6VphlbM
VM2227:9 The WCOFAAGN,https://www.youtube.com/watch?v=T5fNqmgAf-M
VM2227:9 MORE Sunday League Football - 2017 / 18,https://www.youtube.com/watch?v=KbQ45K-fBGc
VM2227:9 Sunday League Football - 2017 / 18,https://www.youtube.com/watch?v=IwXFtCnAL5Q
VM2227:9 Wembley Doubles - With a twist!,https://www.youtube.com/watch?v=YbzPOax2fa0
VM2227:9 Sunday League Challenges with Myprotein,https://www.youtube.com/watch?v=ggaouqVI3rs
VM2227:9 Sunday League Football - 2016 / 17,https://www.youtube.com/watch?v=GoxiIU-1eQo
VM2227:9 EURO 2016 RECREATIONS,https://www.youtube.com/watch?v=2oWF_26TmlI
VM2227:9 Six-A-Side Sessions - SEASON 2,https://www.youtube.com/watch?v=yLbajhwBcb0
VM2227:9 Six-A-Side Sessions - SEASON 1,https://www.youtube.com/watch?v=uQU4HxVqg6Q
VM2227:9 Sunday League FIFA Pro Clubs,https://www.youtube.com/watch?v=1yFE2OlZOZU
VM2227:9 Sunday League Extra,https://www.youtube.com/watch?v=hqcBDsFlKXM
VM2227:9 Sunday League Football - 2015 / 16,https://www.youtube.com/watch?v=9YYy44nNGhI
VM2227:9 Sunday League Football - 2014 / 15,https://www.youtube.com/watch?v=eTbCznb6KJQ
